{
    "data": {
        "fence": {
            "alias": "Geofence Hk",
            "latsw": 37.98993962366689,
            "lngsw": -87.4405288696289,
            "latne": 37.94690492842903,
            "lngne": -87.36705780029297
        }
    }
}
